sku,urun_adi,kategori,boyut,olcu,malzeme,profil_kalinligi_mm,kose_tipi,renk,agirlik_kg,fiyat_tl,indirimli_fiyat_tl,stok_adedi,durum,aciklama,urun_url
M01 PFSS W25 070100 TKx,Ahşap Desenli Açılır Kapanır Çerçeve Gönye Köşe - B1 - 70x100 cm - 25mm,Afiş Çerçevesi,B1,70x100 cm,Alüminyum gövde + ahşap desenli kaplama,25,Gönye köşe,Kahverengi,3.0,2365,,21,aktif,"Ahşap Desenli Açılır Kapanır Çerçeve Gönye Köşe - B1 - 70x100 cm - 25mm 
Ahşap Desenli Açılır Kapanır Çerçeve, afişlerinizi, duyurularınızı veya reklam görsellerinizi profesyonel ve estetik bir şekilde sergilemek için özel olarak tasarlanmıştır. Yüksek kaliteli alüminyum gövde üzerine yapılan ahşap desenli kaplama, çerçeveye hem dayanıklılık hem de şık bir görünüm kazandırır. Gerçek ahşap kullanıldığında oluşabilecek kabarma, kararma veya çatlama riskleri bu özel kaplama sayesinde ortadan kaldırılmıştır. 
Ürün, 25 mm profil kalınlığı ve gönye köşe tasarımıyla hem modern hem de klasik mekanlara uyum sağlar. Açılır kapanır çerçeve sistemi sayesinde afiş değişimi oldukça kolaydır; bu sayede zaman kaybetmeden yeni görsellerinizi sergileyebilirsiniz. 70x100 cm B1 boyutu, geniş afişlerin net ve dikkat çekici şekilde görünmesini sağlar. 
Ahşap Desenli Açılır Kapanır Çerçeve, ofislerde, mağazalarda, restoranlarda, okullarda, otellerde, fuar alanlarında, kamu binalarında ve alışveriş merkezlerinde kullanılmak için idealdir. Mekâna retro ve doğal bir hava katarak iletmek istediğiniz mesajın etkisini artırır. 
Önden açılır profil yapısı sayesinde kullanımı son derece pratiktir. Koruyucu pet film ile afişlerinizi güneş ışığından, solmadan ve parlamadan koruyarak uzun süre ilk günkü kalitesinde kalmasını sağlar. 
Hem estetik hem de dayanıklılık arayan kullanıcılar için tasarlanan bu çerçeve, uzun ömürlü kullanım garantisiyle işletmelerin ve bireysel kullanıcıların ilk tercihi olmaktadır. 
Ürün Özellikleri • Poster Boyutu: B1 (70x100 cm) • Malzeme: Alüminyum gövde üzerine ahşap desenli kaplama • Profil Kalınlığı: 25 mm • Çerçevenin ön ve arka profili tamamen alüminyumdur • Köşe Tipi: Gönye köşe • Çerçeve köşeleri gönye köşe şeklindedir • Açılır Kapanır Sistem: Önden kolay afiş değişimi sağlayan açılır kapanır alüminyum profiller • Profillerin içinde kullanılan paslanmaz çelik yaylar sayesinde çerçeve sorunsuz açılıp kapanır • Koruma: UV ışınlarına ve solmaya karşı koruyucu PET film levha bulunmaktadır • Çerçeve zemininde gri renk polistren kullanılmıştır • Yatay ve dikey kullanıma uygundur • Montaj için gerekli vida ve dübel seti pakete dahildir • Kullanım Alanları: Ofis, mağaza, restoran, okul, otel, AVM, fuar alanı, kamu binaları gibi iç mekanlarda ideal • Estetik Özellik: Retro ve doğal görünümü yansıtan şık ahşap desenli kaplama 
",https://magaza.ores.com.tr/products/ahsap-desenli-acilir-kapanir-cerceve-gonye-kose-b1-70x100-cm-25mm
M01 PFSS 25 030042 R9005 TKx,Alüminyum Açılır Kapanır Çerçeve Gönye Köşe - A3 - 30x42 cm - Siyah - 25mm,Afiş Çerçevesi,A3,30x42 cm,Alüminyum,25,Gönye köşe,Siyah,0.8,615,,6,aktif,"Alüminyum Açılır Kapanır Çerçeve Gönye Köşe - A3 - 30x42 cm - Siyah - 25mm 
Alüminyum Açılır Kapanır Çerçeve Gönye Köşe - A3 - 30x42 cm - Siyah - 25mm, afiş ve posterlerinizi profesyonel ve dikkat çekici bir şekilde sergilemek isteyen işletmeler için ideal bir çözümdür. 25 mm ince profil yapısı, afişinizin görselliğini ön plana çıkarırken, siyah rengi sayesinde modern ve şık bir görünüm sunar. Bu ürün, mağazalar, kafeler, ofisler, okullar ve daha birçok mekânda tanıtım ve bilgilendirme amacıyla güvenle kullanılabilir. 
Ürün, önden açılır kapanır mekanizması ile afiş değişimini hızlı ve zahmetsiz hale getirir. Koruyucu pet film sayesinde afişleriniz güneş ışığı, toz ve nem gibi dış etkenlerden korunur, böylece uzun süre canlı ve parlak kalır. Eloksal kaplama ile güçlendirilmiş alüminyum yapısı, dayanıklılığı artırarak uzun ömürlü kullanım sağlar. 
Bu çerçeve modeli, boyutuna uygun her türlü afiş ile kullanılabilir. İster kampanya duyuruları, ister fiyat listeleri veya etkinlik afişleri olsun, A3 boyut sayesinde hem yakın hem de orta mesafeden rahatça okunabilir. Ayrıca, RAL renk seçenekleri ile farklı dekorasyonlara uyum sağlayacak alternatifler üretilebilir. 
Montajı oldukça pratiktir. Ürünle birlikte verilen vida ve dübeller sayesinde duvara kolayca monte edilebilir. Monte edildikten sonra sadece ön kapağı açarak afişinizi hızlıca değiştirebilirsiniz. Bu özellik, özellikle sık afiş değişimi yapan işletmeler için büyük bir avantaj sağlar. 
Alüminyum Açılır Kapanır Çerçeve Gönye Köşe - A3 - 30x42 cm - Siyah - 25mm, hem estetik hem fonksiyonel hem de dayanıklı bir reklam aracı arayanlar için mükemmel bir tercihtir. Zarif siyah rengi ve kaliteli malzemesi ile mesajlarınızı en etkili şekilde sergileyebilirsiniz. 
Ürün Özellikleri • Model: Alüminyum Açılır Kapanır Çerçeve Gönye Köşe • Boyut: A3 (30x42 cm) • Renk: Siyah (eloksal kaplama) • Profil Genişliği: 25 mm ince profil • Materyal: Eloksal kaplamalı alüminyum, çerçevenin ön ve arka profili tamamen alüminyumdur • Köşe Tipi: Gönye köşe • Mekanizma: Önden açılır kapanır sistem sayesinde posterinizi kolaylıkla değiştirebilirsiniz • Profillerin içinde kullanılan paslanmaz çelik yaylar sayesinde çerçeve sorunsuz açılıp kapanır • Koruma: UV ışınlarına ve toza karşı koruyucu PET film • Çerçeve zemininde gri renk polistren kullanılmıştır • Montaj: Duvara monte için gerekli vida ve dübel seti pakete dâhildir • Kullanım Alanları: Ofis, mağaza, kafe, okul, AVM, kamu binaları ve etkinlik alanları • Avantaj: Hızlı ve kolay afiş değişimi, uzun ömürlü ve dayanıklı kullanım • Yatay ve dikey kullanıma uygundur 
",https://magaza.ores.com.tr/products/aluminyum-acilir-kapanir-cerceve-gonye-kose-a3-30x42-cm-siyah-25mm
M01 PFSS 25 060084 TKx R3020,Alüminyum Açılır Kapanır Çerçeve Gönye Köşe - A1 - 60x84 cm - Kırmızı - 25mm,Afiş Çerçevesi,A1,60x84 cm,Alüminyum,25,Gönye köşe,Kırmızı,2.3,1115,,7,aktif,"Alüminyum Açılır Kapanır Çerçeve Gönye Köşe - A1 - 60x84 cm - Kırmızı - 25mm 
Alüminyum Açılır Kapanır Çerçeve Gönye Köşe - A1 - 60x84 cm - Kırmızı - 25mm, reklam ve tanıtım çalışmalarınızda hem profesyonel hem de estetik bir sunum sağlar. 25 mm ince profil yapısı sayesinde afiş ve posterlerinizi ön plana çıkarır, dikkat çekici bir görünüm sunar. Kırmızı rengiyle dinamik bir atmosfer oluşturan bu çerçeve, özellikle promosyon, kampanya ve bilgilendirme afişlerinde etkili bir şekilde kullanılabilir. 
Bu çerçeve modeli, önden açılır kapanır mekanizması ile afiş değişimini son derece kolaylaştırır. Koruyucu pet film sayesinde afişleriniz güneş ışığı, toz ve nem gibi dış etkenlerden korunur. Böylece görselleriniz uzun süre canlı ve parlak kalır. Ürün, eloksal kaplama ile güçlendirilmiş alüminyumdan üretilmiştir ve bu sayede hem dayanıklıdır hem de şık bir görünüme sahiptir. 
Çok yönlü kullanım imkânı sunan bu çerçeve, ofislerden alışveriş merkezlerine, kafelerden okullara kadar pek çok alanda kullanılabilir. Kamu binaları, kurumsal firmalar ve perakende mağazalar da bu çerçeveyi sıklıkla tercih etmektedir. Hem iç hem de dış mekânda kullanılabilecek şekilde tasarlanmıştır. 
Montajı son derece kolaydır. Ürünle birlikte gelen vida ve dübeller sayesinde duvara hızlıca monte edebilirsiniz. Monte edildikten sonra afiş değişimi için sadece ön kapağı açmanız yeterlidir. Bu pratik kullanım, özellikle sık afiş değiştiren işletmeler için büyük bir avantaj sağlar. 
Alüminyum Açılır Kapanır Çerçeve Gönye Köşe - A1 - 60x84 cm - Kırmızı - 25mm, reklam ve tanıtım çalışmalarınızda kaliteli, dayanıklı ve estetik bir çözüm arayan herkes için ideal bir üründür. Şık tasarımı ve fonksiyonel özellikleri ile mesajlarınızı en etkili şekilde iletebilirsiniz. 
Ürün Özellikleri • Model: Alüminyum Açılır Kapanır Çerçeve Gönye Köşe • Boyut: A1 (60x84 cm) • Renk: Kırmızı (eloksal kaplama) • Profil Genişliği: 25 mm ince profil • Materyal: Eloksal kaplamalı alüminyum, çerçevenin ön ve arka profili tamamen alüminyumdur • Köşe Tipi: Gönye köşe • Mekanizma: Önden açılır kapanır sistem sayesinde posterinizi kolaylıkla değiştirebilirsiniz • Profillerin içinde kullanılan paslanmaz çelik yaylar çerçevenin sorunsuz açılıp kapanmasını sağlar • Koruma: UV ışınlarına ve toza karşı koruyucu PET film bulunmaktadır • Çerçeve zemininde gri renk polistren kullanılmıştır • Montaj: Duvara monte için gerekli vida ve dübel seti pakete dâhildir • Kullanım Alanları: Ofis, mağaza, kafe, okul, AVM, kamu binaları ve etkinlik alanları • Avantaj: Hızlı ve kolay afiş değişimi, uzun ömürlü ve dayanıklı kullanım • Yatay ve dikey kullanıma uygundur 
",https://magaza.ores.com.tr/products/aluminyum-acilir-kapanir-cerceve-gonye-kose-a1-60x84-cm-kirmizi-25mm
M01 PFSS 25 030042 TKx R3020,Alüminyum Açılır Kapanır Çerçeve Gönye Köşe - A3 - 30x42 cm - Kırmızı - 25mm,Afiş Çerçevesi,A3,30x42 cm,Alüminyum,25,Gönye köşe,Kırmızı,0.8,615,,12,aktif,"Alüminyum Açılır Kapanır Çerçeve Gönye Köşe - A3 - 30x42 cm - Kırmızı - 25mm 
Alüminyum Açılır Kapanır Çerçeve Gönye Köşe - A3 - 30x42 cm - Kırmızı - 25mm, afiş ve posterlerinizi profesyonel, şık ve dikkat çekici bir şekilde sergilemenizi sağlar. Kırmızı rengi ile özellikle kampanya, duyuru ve indirim afişlerinde güçlü bir görsel etki yaratır. 25 mm ince profil yapısı sayesinde afişlerinizin tüm detaylarını öne çıkararak, mesajınızın hedef kitlenize net bir şekilde ulaşmasına yardımcı olur. 
Bu çerçeve, önden açılır kapanır mekanizması ile afiş değişimini hızlı ve pratik hale getirir. Koruyucu pet film özelliği sayesinde afişleriniz güneş ışığı, toz ve nem gibi dış etkenlerden korunur. Böylece görselleriniz uzun süre canlı ve parlak kalır. Eloksal kaplama teknolojisi ile güçlendirilmiş alüminyum yapısı, ürünü hem estetik hem de son derece dayanıklı kılar. 
Kullanım alanı oldukça geniştir. Mağazalarda, kafelerde, ofislerde, okullarda, alışveriş merkezlerinde ve kamu binalarında rahatlıkla kullanılabilir. Özellikle dikkat çekmesi gereken alanlarda kırmızı renk avantajı ile fark yaratır. A3 boyutu, hem masa göz hizasında hem de duvar montajında ideal bir görünürlük sunar. 
Montajı son derece kolaydır. Ürünle birlikte gelen vida ve dübeller sayesinde duvara hızlıca monte edebilirsiniz. Monte edildikten sonra, yalnızca ön kapağı açarak afişinizi kolayca değiştirebilirsiniz. Bu özellik, özellikle sık afiş değişimi yapan işletmeler için zaman ve iş gücü tasarrufu sağlar. 
Alüminyum Açılır Kapanır Çerçeve Gönye Köşe - A3 - 30x42 cm - Kırmızı - 25mm, kaliteli malzemesi, estetik tasarımı ve pratik kullanım özellikleri ile tanıtım çalışmalarınızda güvenilir bir çözümdür. Gerek iç mekânda gerekse dış mekânda, mesajlarınızı en etkili şekilde iletmenizi sağlar. 
Ürün Özellikleri • Model: Alüminyum Açılır Kapanır Çerçeve Gönye Köşe • Boyut: A3 (30x42 cm) • Renk: Kırmızı (eloksal kaplama) • Profil Genişliği: 25 mm ince profil • Materyal: Eloksal kaplamalı alüminyum, çerçevenin ön ve arka profili tamamen alüminyumdur • Köşe Tipi: Gönye köşe • Mekanizma: Önden açılır kapanır sistem sayesinde posterinizi kolaylıkla değiştirebilirsiniz • Profillerin içinde kullanılan paslanmaz çelik yaylar çerçevenin sorunsuz açılıp kapanmasını sağlar • Koruma: UV ışınlarına, toza ve neme karşı koruyucu PET film bulunmaktadır • Çerçeve zemininde gri renk polistren kullanılmıştır • Montaj: Duvara monte için gerekli vida ve dübel seti pakete dâhildir • Kullanım Alanları: Ofis, mağaza, kafe, okul, AVM, kamu binaları ve etkinlik alanları • Avantaj: Hızlı ve kolay afiş değişimi, uzun ömürlü kullanım ve dikkat çekici kırmızı renk • Yatay ve dikey kullanıma uygundur 
",https://magaza.ores.com.tr/products/aluminyum-acilir-kapanir-cerceve-gonye-kose-a3-30x42-cm-kirmizi-25mm
M01 PFSS W25 035050 TKx,Ahşap Desenli Açılır Kapanır Çerçeve Gönye Köşe - B3 - 35x50 cm - 25mm,Afiş Çerçevesi,B3,35x50 cm,Alüminyum gövde + ahşap desenli kaplama,25,Gönye köşe,Kahverengi,1.0,1050,,4,aktif,"Ahşap Desenli Açılır Kapanır Çerçeve Gönye Köşe - B3 - 35x50 cm - 25mm 
Ahşap Desenli Açılır Kapanır Çerçeve Gönye Köşe - B3 - 35x50 cm - 25mm, afiş, duyuru ve posterlerinizi profesyonel, estetik ve dikkat çekici bir şekilde sergilemeniz için özel olarak tasarlanmıştır. Alüminyum gövde üzerine uygulanan yüksek kaliteli ahşap desenli kaplama, çerçeveye hem doğal bir görünüm hem de uzun ömürlü dayanıklılık kazandırır. Ahşabın açık havada zamanla kabarma ve kararma sorunları bu özel kaplama sayesinde tamamen ortadan kaldırılmıştır. 
Bu şık çerçeve, 25 mm profil kalınlığı ve gönye köşe tasarımı ile hem klasik hem modern mekânlara uyum sağlar. Açılır kapanır çerçeve sistemi sayesinde afişlerinizi hızlı ve zahmetsiz bir şekilde değiştirebilirsiniz. 35x50 cm B3 boyutu, küçük ve orta ölçekli görsellerinizi net bir şekilde sergileyerek hedef kitlenizin ilgisini çeker. 
Ahşap Desenli Açılır Kapanır Çerçeve, ofisler, mağazalar, restoranlar, kafeler, okullar, oteller, fuar alanları, kamu kurumları ve alışveriş merkezleri gibi çok çeşitli alanlarda kullanılabilir. Mekânınıza retro ve sıcak bir hava katarak mesajlarınızı daha etkili hale getirir. 
Kullanım kolaylığı ile öne çıkan bu çerçeve, önden açılır profil yapısı sayesinde afiş değişiminde size zaman kazandırır. Özel pet koruyucu film sayesinde görsellerinizi güneş ışınlarından, solma ve yıpranmalardan korur, böylece afişleriniz ilk günkü parlaklığını uzun süre korur. 
Estetik görünüm, pratik kullanım ve yüksek dayanıklılığı bir arada sunan bu ürün, işletmelerin ve bireysel kullanıcıların güvenle tercih edebileceği premium bir çerçeve çözümüdür. 
Ürün Özellikleri • Boyut: B3 (35x50 cm) • Malzeme: Alüminyum gövde üzerine ahşap desenli kaplama • Profil Kalınlığı: 25 mm • Çerçevenin ön ve arka profili tamamen alüminyumdur • Köşe Tipi: Gönye köşe • Açılır Kapanır Sistem: Önden kolay afiş değişimi sağlayan açılır kapanır alüminyum profiller • Profillerin içinde kullanılan paslanmaz çelik yaylar sayesinde çerçeve sorunsuz açılıp kapanır • Koruma: UV ışınlarına ve solmaya karşı koruyucu PET film • Çerçeve zemininde gri renk polistren kullanılmıştır • Yatay ve dikey kullanıma uygundur • Montaj için gerekli vida ve dübel seti pakete dahildir • Kullanım Alanları: Ofis, mağaza, restoran, kafe, okul, otel, fuar alanı, AVM, kamu kurumları gibi çeşitli iç mekanlarda kullanım için uygundur • Estetik Özellik: Retro ve doğal görünümü yansıtan şık ahşap desenli kaplama 
",https://magaza.ores.com.tr/products/ahsap-desenli-acilir-kapanir-cerceve-gonye-kose-b3-35x50-cm-25mm
M01 PFSS 25 070100 R9005 TKx,Alüminyum Açılır Kapanır Çerçeve Gönye Köşe - B1 - 70x100 cm - Siyah - 25mm,Afiş Çerçevesi,B1,70x100 cm,Alüminyum,25,Gönye köşe,Siyah,3.0,1565,,5,aktif,"Alüminyum Açılır Kapanır Çerçeve Gönye Köşe - B1 - 70x100 cm - Siyah - 25mm 
Alüminyum Açılır Kapanır Çerçeve, şık siyah rengi ve dayanıklı yapısıyla görsellerinizi profesyonel bir şekilde sergilemenizi sağlar. 25 mm profil kalınlığı ile hem sağlam hem de estetik bir görünüm sunar. B1 - 70x100 cm ölçüsü sayesinde reklam, bilgilendirme ve tanıtım afişlerinizi dikkat çekici bir biçimde öne çıkarır. Gönye köşe tasarımı, modern bir bitiş estetiği sunarken, siyah rengi de her ortama uyum sağlar. 
Pratik açılır kapanır mekanizma, görsellerinizi hızlı ve zahmetsiz şekilde değiştirmenize imkan tanır. Ön taraftan açılan profil sistemi sayesinde çerçeveyi yerinden sökmeden afişlerinizi kolayca değiştirebilirsiniz. Bu özellik, özellikle sık afiş değişimi yapılan işletmeler için büyük bir avantaj sağlar. Çerçeve, duvara monte edilebilecek şekilde tasarlanmıştır ve montaj için gerekli vida ve dübeller ürünle birlikte gönderilir. 
Eloksal alüminyum gövde, uzun ömürlü kullanım ve yüksek dayanıklılık sunar. Siyah renkli yüzey, hem modern hem de klasik dekorasyonlarla uyum sağlayarak ortama prestijli bir görünüm katar. Eloksal kaplama, alüminyum yüzeyi çizilmelere, darbelere ve dış etkenlere karşı korur. Böylece çerçeveniz uzun yıllar ilk günkü görünümünü korur. 
Ürün, koruyucu pet film ile birlikte gelir. Bu özel film, afişlerinizi güneş ışınlarından, tozdan ve nemden koruyarak solma ve parlama riskini en aza indirir. Böylece görselleriniz daima net ve canlı kalır. Hem reklam hem de bilgilendirme amaçlı afişleriniz, profesyonel bir sunumla hedef kitlenize ulaşır. 
İş yerleri, mağazalar, restoranlar, kafeler, okullar, alışveriş merkezleri ve kamu binaları gibi pek çok alanda kullanılabilen Alüminyum Açılır Kapanır Çerçeve Gönye Köşe - B1 - 70x100 cm - Siyah - 25mm, şıklık, dayanıklılık ve kullanım kolaylığını bir arada sunar. Reklam çalışmalarınızda etkili bir çözüm arıyorsanız, bu çerçeve beklentilerinizi fazlasıyla karşılar. 
Ürün Özellikleri • Profil Kalınlığı: 25 mm • Renk: Siyah (eloksal kaplama) • Köşe Tipi: Gönye köşe • Ölçü: 70x100 cm (B1) • Gövde Malzemesi: Eloksal alüminyum, çerçevenin ön ve arka profili tamamen alüminyumdur • Mekanizma: Açılır kapanır profil sistemi sayesinde posterinizi kolaylıkla değiştirebilirsiniz • Profillerin içinde kullanılan paslanmaz çelik yaylar çerçevenin sorunsuz açılıp kapanmasını sağlar • Koruma: UV korumalı özel PET film bulunmaktadır • Çerçeve zemininde gri renk polistren kullanılmıştır • Montaj: Duvara monte için gerekli vida ve dübel seti pakete dâhildir • Kullanım Alanları: İş yerleri, mağazalar, kafeler, okullar, AVM’ler, kamu binaları gibi birçok farklı ortamda kullanım için uygundur • Kullanım Kolaylığı: Ön taraftan hızlı ve pratik afiş değişimi sağlar • Yatay ve dikey kullanıma uygundur 
",https://magaza.ores.com.tr/products/aluminyum-acilir-kapanir-cerceve-gonye-kose-b1-70x100-cm-siyah-25mm
M01 PFSS 25 021030 TKx R3020,Alüminyum Açılır Kapanır Çerçeve - A4 - 21x30 cm - Kırmızı - 25mm Gönye Köşe,Afiş Çerçevesi,A4,21x30 cm,Alüminyum,25,Gönye köşe,Kırmızı,0.5,465,,16,aktif,"Alüminyum Açılır Kapanır Çerçeve - A4 - 21x30 cm - Kırmızı - 25mm Gönye Köşe 
Alüminyum Açılır Kapanır Çerçeve - A4 - 21x30 cm - Kırmızı, kompakt boyutu ve canlı rengiyle dikkat çeken profesyonel bir sunum çözümüdür. 25 mm profil kalınlığı sayesinde hem dayanıklılık hem de estetik bir görünüm sunar. Kırmızı eloksal kaplama, enerjik ve dikkat çekici bir atmosfer oluşturur. Bu özellikleri ile işletmelerin, mağazaların, okulların ve kamu alanlarının görsel iletişim ihtiyaçlarını karşılar. 
Açılır kapanır profil mekanizması, afiş ve görsellerin hızlı bir şekilde değiştirilmesine imkan tanır. Ön taraftan açılan gönye köşe çerçeve sistemi sayesinde çerçeveyi duvardan sökmeden afişinizi kolayca yerleştirebilir veya değiştirebilirsiniz. Bu pratik kullanım, özellikle sürekli güncellenen duyuru ve reklam çalışmalarında büyük avantaj sağlar. 
Eloksal alüminyum gövde, uzun ömürlü kullanım ve yüksek direnç sunar. Eloksal kaplama işlemi, alüminyumu çizilmelere, darbelere ve korozyona karşı korur. Kırmızı renk seçeneği, mekanınıza modern ve dinamik bir görünüm kazandırır. Küçük boyutu sayesinde masa üstü duyurular, kapı tabelaları veya fiyat listeleri gibi alanlarda da rahatlıkla kullanılabilir. 
Ürün, özel koruyucu pet film ile donatılmıştır. Bu film, görsellerinizi güneş ışığından, tozdan ve nemden koruyarak solma ve parlama sorunlarını önler. Böylece afişleriniz her zaman net, canlı ve profesyonel bir görünüm sergiler. Hem iç hem de dış mekanlarda güvenle kullanılabilir. 
Alüminyum Açılır Kapanır Çerçeve - A4 - 21x30 cm - Kırmızı - 25mm Gönye Köşe, reklam, bilgilendirme ve yönlendirme amaçlı kullanımlar için idealdir. Canlı rengi, kompakt boyutu ve kolay kullanım özellikleri ile görsel sunumlarınıza hem estetik hem de pratiklik katar. 
Ürün Özellikleri • Profil Kalınlığı: 25 mm • Renk: Kırmızı (eloksal kaplama) • Köşe Tipi: Gönye köşe • Ölçü: 21x30 cm (A4) • Gövde Malzemesi: Eloksal alüminyum, çerçevenin ön ve arka profili tamamen alüminyumdur • Mekanizma: Açılır kapanır profil sistemi sayesinde posterinizi kolaylıkla değiştirebilirsiniz • Profillerin içinde kullanılan paslanmaz çelik yaylar çerçevenin sorunsuz açılıp kapanmasını sağlar • Koruma: UV korumalı özel PET film bulunmaktadır • Çerçeve zemininde gri renk polistren kullanılmıştır • Montaj: Duvara monte için gerekli vida ve dübel seti pakete dâhildir • Kullanım Alanları: İş yerleri, mağazalar, kafeler, okullar, AVM’ler, kamu binaları ve masaüstü duyurular için uygundur • Kullanım Kolaylığı: Ön taraftan hızlı ve pratik afiş değişimi sağlar • Yatay ve dikey kullanıma uygundur 
",https://magaza.ores.com.tr/products/aluminyum-acilir-kapanir-cerceve-a4-21x30-cm-kirmizi-25mm-gonye-kose
M01 PFSS W25 050070 TKx,Ahşap Desenli Açılır Kapanır Çerçeve Gönye Köşe - B2 - 50x70 cm - 25mm,Afiş Çerçevesi,B2,50x70 cm,Alüminyum gövde + ahşap desenli kaplama,25,Gönye köşe,Kahverengi,1.8,1510,,18,aktif,"Ahşap Desenli Açılır Kapanır Çerçeve Gönye Köşe - B2 - 50x70 cm - 25mm 
Ahşap Desenli Açılır Kapanır Çerçeve Gönye Köşe - B2 - 50x70 cm - 25mm, afiş, poster ve duyurularınızı profesyonel, estetik ve dikkat çekici bir şekilde sergilemeniz için tasarlanmış yüksek kaliteli bir üründür. Alüminyum gövde üzerine uygulanan özel ahşap desenli kaplama, hem doğal bir görünüm hem de uzun ömürlü dayanıklılık sağlar. Gerçek ahşap kullanımında karşılaşılan kabarma ve kararma gibi sorunlar bu özel kaplama sayesinde ortadan kaldırılmıştır. 
Bu çerçeve, 25 mm profil kalınlığı ve gönye köşe tasarımı ile hem modern hem klasik mekânlarda rahatlıkla kullanılabilir. Açılır kapanır çerçeve sistemi sayesinde afişlerinizi hızlı ve zahmetsiz bir şekilde değiştirebilirsiniz. 50x70 cm B2 boyutu, mesajlarınızın net bir şekilde görünmesini ve hedef kitlenizin dikkatini çekmesini sağlar. 
Ahşap Desenli Açılır Kapanır Çerçeve, ofisler, mağazalar, restoranlar, kafeler, okullar, oteller, fuar alanları, kamu kurumları ve alışveriş merkezleri gibi çok çeşitli alanlarda kullanılabilir. Mekâna retro ve sıcak bir hava katarak iletmek istediğiniz mesajın etkisini artırır. 
Kullanım kolaylığı ile öne çıkan bu çerçeve, önden açılır profil yapısı sayesinde afiş değişiminde zaman kazandırır. Ürün, pet koruyucu film ile afişlerinizi güneş ışınlarından, solma ve yıpranmalardan korur, böylece görselleriniz uzun süre ilk günkü parlaklığında kalır. 
Estetik görünüm, pratik kullanım ve yüksek dayanıklılığı bir arada sunan Ahşap Desenli Açılır Kapanır Çerçeve, hem işletmeler hem de bireysel kullanıcılar için güvenilir ve şık bir çerçeve çözümüdür. 
Ürün Özellikleri • Boyut: B2 (50x70 cm) • Malzeme: Alüminyum gövde üzerine ahşap desenli kaplama • Profil Kalınlığı: 25 mm • Çerçevenin ön ve arka profili tamamen alüminyumdur • Köşe Tipi: Gönye köşe • Açılır Kapanır Sistem: Önden kolay afiş değişimi sağlayan açılır kapanır alüminyum profiller • Profillerin içinde kullanılan paslanmaz çelik yaylar sayesinde çerçeve sorunsuz açılıp kapanır • Koruma: UV ışınlarına, solmaya ve yıpranmaya karşı koruyucu PET film • Çerçeve zemininde gri renk polistren kullanılmıştır • Yatay ve dikey kullanıma uygundur • Montaj için gerekli vida ve dübel seti pakete dahildir • Kullanım Alanları: Ofis, mağaza, restoran, kafe, okul, otel, fuar alanı, AVM, kamu kurumları gibi çeşitli iç mekanlarda kullanım için uygundur • Estetik Özellik: Retro ve doğal görünümü yansıtan şık ahşap desenli kaplama 
",https://magaza.ores.com.tr/products/ahsap-desenli-acilir-kapanir-cerceve-gonye-kose-b2-50x70-cm-25mm
M01 PFSS 25 050070 R9005 TKx,Alüminyum Açılır Kapanır Çerçeve Gönye Köşe - B2 - 50x70 cm - Siyah - 25mm,Afiş Çerçevesi,B2,50x70 cm,Alüminyum,25,Gönye köşe,Siyah,1.8,1000,,22,aktif,"Alüminyum Açılır Kapanır Çerçeve Gönye Köşe - B2 - 50x70 cm - Siyah - 25mm 
Alüminyum Açılır Kapanır Çerçeve Gönye Köşe - B2 - 50x70 cm - Siyah - 25mm, işletmeler, kurumlar ve reklam ajansları tarafından sıklıkla tercih edilen profesyonel bir sunum aracıdır. Geniş boyutu sayesinde afiş, poster ve duyurularınızı etkileyici bir şekilde sergileyebilir, mesajlarınızı net ve dikkat çekici biçimde iletebilirsiniz. Siyah eloksal alüminyum gövde, hem modern hem de prestijli bir görünüm kazandırarak bulunduğu mekâna uyum sağlar. 
Açılır kapanır profil mekanizması, ön taraftan pratik bir şekilde açılarak görsellerin hızlıca değiştirilmesine olanak tanır. 25 mm profil kalınlığı, sağlamlık ile şıklığı bir arada sunar. Gönye köşe tasarımı, çerçevenin kenar birleşimlerinde kusursuz bir görünüm oluşturur ve görsellerinizin öne çıkmasını sağlar. Özellikle sık afiş değiştiren işletmeler için büyük zaman kazandırır. 
Eloksal kaplama teknolojisi ile üretilen çerçeve, darbelere, çizilmelere ve korozyona karşı yüksek dayanıklılık gösterir. Siyah rengi sayesinde hem resmi hem de modern ortamlarda rahatlıkla kullanılabilir. Alışveriş merkezleri, restoranlar, sinema salonları, fuar alanları, okullar ve kamu binaları gibi çok çeşitli alanlarda kullanılmaya uygundur. 
Ürün, UV korumalı özel pet film ile birlikte gelir. Bu film, afişlerinizi güneş ışığından, tozdan ve nemden koruyarak renklerin solmasını ve yansımaları engeller. Böylece görselleriniz uzun süre canlı ve profesyonel görünür. Ayrıca dış mekânda da güvenle kullanılabilir. 
Alüminyum Açılır Kapanır Çerçeve Gönye Köşe - B2 - 50x70 cm - Siyah - 25mm, şık tasarımı, sağlam yapısı ve kolay kullanım özellikleriyle hem estetik hem de işlevselliği bir arada sunar. Reklam ve duyurularınızı etkili bir şekilde sergilemek isteyenler için ideal bir seçimdir. 
Ürün Özellikleri • Profil Kalınlığı: 25 mm • Renk: Siyah (eloksal kaplama) • Köşe Tipi: Gönye köşe • Ölçü: 50x70 cm (B2) • Gövde Malzemesi: Eloksal alüminyum, çerçevenin ön ve arka profili tamamen alüminyumdur • Mekanizma: Açılır kapanır profil sistemi sayesinde posterinizi kolaylıkla değiştirebilirsiniz • Profillerin içinde kullanılan paslanmaz çelik yaylar çerçevenin sorunsuz açılıp kapanmasını sağlar • Koruma: UV korumalı özel PET film bulunmaktadır • Çerçeve zemininde gri renk polistren kullanılmıştır • Montaj: Duvara monte için gerekli vida ve dübel seti pakete dâhildir • Kullanım Alanları: İş yerleri, mağazalar, kafeler, sinemalar, okullar, AVM’ler, fuar alanları, kamu binaları gibi çok çeşitli mekanlarda kullanım için uygundur • Kullanım Kolaylığı: Ön taraftan hızlı ve pratik afiş değişimi sağlar • Yatay ve dikey kullanıma uygundur 
 
",https://magaza.ores.com.tr/products/aluminyum-acilir-kapanir-cerceve-gonye-kose-b2-50x70-cm-siyah-25mm
M01 PFSS W25 021030 TKx,Ahşap Desenli Açılır Kapanır Çerçeve Gönye Köşe - A4 - 21x30 cm - 25mm,Afiş Çerçevesi,A4,21x30 cm,Alüminyum gövde + ahşap desenli kaplama,25,Gönye köşe,Kahverengi,0.5,695,,3,aktif,"Ahşap Desenli Açılır Kapanır Çerçeve Gönye Köşe - A4 - 21x30 cm - 25mm 
Ahşap Desenli Açılır Kapanır Çerçeve Gönye Köşe - A4 - 21x30 cm - 25mm, küçük boyutlu afiş, poster ve görsellerinizi şık, profesyonel ve göz alıcı şekilde sergilemek için tasarlanmış yüksek kaliteli bir üründür. Alüminyum gövde üzerine uygulanan ahşap desenli kaplama, çerçeveye hem dayanıklılık hem de doğal ahşap görünümü kazandırır. Gerçek ahşabın açık havada kullanımda yaşadığı kabarma ve kararma sorunları bu özel kaplama ile önlenmiştir. 
Bu ürün, 25 mm profil kalınlığı ve gönye köşe tasarımı sayesinde hem modern hem klasik dekorasyonlara uyum sağlar. Açılır kapanır çerçeve sistemi, afişlerinizi kolayca değiştirmenizi sağlar ve 21x30 cm A4 boyutu, standart belgeler ve küçük afişler için idealdir. 
Ahşap Desenli Açılır Kapanır Çerçeve, ofisler, mağazalar, kafeler, okullar, restoranlar, oteller, fuar alanları ve kamu binalarında geniş kullanım alanı sunar. Mekânınıza sıcak ve doğal bir atmosfer kazandırarak, iletmek istediğiniz mesajların daha etkili olmasını sağlar. 
Kullanımı oldukça pratik olan bu çerçeve, önden açılır profil yapısıyla afiş değişimini hızlıca yapmanıza imkan tanır. Ayrıca, özel tasarlanmış pet koruyucu film ile afişleriniz, güneş ışınlarından, solma ve yıpranmalardan korunarak uzun ömürlü ve kaliteli görünümünü korur. 
Hem estetik hem dayanıklı hem de kolay kullanımlı bu Ahşap Desenli Açılır Kapanır Çerçeve, kişisel ve ticari kullanımda güvenle tercih edebileceğiniz premium bir çözümdür. 
Ürün Özellikleri • Poster Boyutu: A4 (21x30 cm) • Malzeme: Alüminyum gövde üzerine ahşap desenli kaplama • Profil Kalınlığı: 25 mm • Çerçevenin ön ve arka profili tamamen alüminyumdur • Köşe Tipi: Gönye köşe • Açılır Kapanır Sistem: Önden kolay afiş değişimi sağlayan açılır kapanır alüminyum profiller • Profillerin içinde kullanılan paslanmaz çelik yaylar sayesinde çerçeve sorunsuz açılıp kapanır • Koruma: UV ışınlarına, solmaya ve yıpranmaya karşı koruyucu PET film • Çerçeve zemininde gri renk polistren kullanılmıştır • Yatay ve dikey kullanıma uygundur • Montaj için gerekli vida ve dübel seti pakete dahildir • Kullanım Alanları: Ofis, mağaza, kafe, okul, restoran, otel, fuar alanı, kamu kurumları gibi çeşitli iç mekanlarda kullanım için uygundur • Estetik Özellik: Retro ve doğal görünümü yansıtan şık ahşap desenli kaplama 
",https://magaza.ores.com.tr/products/ahsap-desenli-acilir-kapanir-cerceve-gonye-kose-a4-21x30-cm-25mm
M01 PFSS 25 060084 R9005 TKx,Alüminyum Açılır Kapanır Çerçeve Gönye Köşe - A1 - 60x84 cm - Siyah - 25mm,Afiş Çerçevesi,A1,60x84 cm,Alüminyum,25,Gönye köşe,Siyah,2.3,1110,,8,aktif,"Alüminyum Açılır Kapanır Çerçeve Gönye Köşe - A1 - 60x84 cm - Siyah - 25mm 
Alüminyum Açılır Kapanır Çerçeve Gönye Köşe - A1 - 60x84 cm - Siyah - 25mm, görsellerinizi etkili ve şık bir şekilde sergilemek için ideal bir seçimdir. 25 mm profil kalınlığı sayesinde dayanıklı ve sağlam yapısıyla uzun ömürlü kullanım sunar. Siyah eloksal alüminyum gövde, modern ve profesyonel bir görünüm sağlar. 60x84 cm (A1) ölçüsü, reklam ve bilgilendirme afişlerinizin dikkat çekici biçimde sunulmasını mümkün kılar. 
Açılır kapanır profil mekanizması, görsellerin ön taraftan hızlı ve kolay değiştirilmesini sağlar. Bu özellik, çerçeveyi duvardan sökmeden afişlerinizi zahmetsizce yenilemenize olanak tanır. Gönye köşe tasarımı ise çerçevenin kenar birleşimlerinde estetik ve sağlam bir görünüm yaratır. Böylece kullanım alanınızda hem pratiklik hem de şıklık bir arada olur. 
Eloksal kaplama teknolojisi, alüminyumun dayanıklılığını artırarak çizilmelere, darbelere ve korozyona karşı koruma sağlar. Siyah renk seçeneği ile hem modern ofislerde hem de resmi ortamlarda uyumlu ve prestijli bir sunum yapılabilir. İş yerleri, mağazalar, fuar alanları, okullar ve kamu binaları gibi çeşitli alanlarda güvenle kullanılabilir. 
Ürün, görsellerinizi koruyan özel UV korumalı pet film ile donatılmıştır. Bu koruyucu film, afişlerinizi güneş ışığı, toz ve nem gibi dış etkenlerden koruyarak solmayı ve parlamayı önler. Böylece görselleriniz her zaman canlı ve net kalır. Hem iç hem dış mekanlarda uzun süreli ve güvenilir kullanım sağlar. 
Alüminyum Açılır Kapanır Çerçeve Gönye Köşe - A1 - 60x84 cm - Siyah - 25mm, estetik görünümü, dayanıklılığı ve kolay kullanımı ile reklam ve bilgilendirme afişlerinizi etkili şekilde sunar. Çerçeve, kolay montajı ve ön taraftan pratik afiş değişimi ile işletmenizin görsel iletişimini güçlendirir. 
Ürün Özellikleri • Profil Kalınlığı: 25 mm • Renk: Siyah (eloksal kaplama) • Köşe Tipi: Gönye köşe (mitre) • Ölçü: 60x84 cm (A1) • Gövde Malzemesi: Eloksal alüminyum, çerçevenin ön ve arka profili tamamen alüminyumdur • Mekanizma: Açılır kapanır profil sistemi sayesinde posterinizi kolaylıkla değiştirebilirsiniz • Profillerin içinde kullanılan paslanmaz çelik yaylar çerçevenin sorunsuz açılıp kapanmasını sağlar • Koruma: UV korumalı özel PET film bulunmaktadır • Çerçeve zemininde gri renk polistren kullanılmıştır • Montaj: Duvara monte için gerekli vida ve dübel seti pakete dahildir • Kullanım Alanları: İş yerleri, mağazalar, ofisler, okullar, AVM’ler, kamu binaları, fuar alanları gibi birçok farklı ortam için uygundur • Kullanım Kolaylığı: Ön taraftan hızlı ve pratik afiş değişimi sağlar • Yatay ve dikey kullanıma uygundur 
",https://magaza.ores.com.tr/products/aluminyum-acilir-kapanir-cerceve-gonye-kose-a1-60x84-cm-siyah-25mm
M01 PFSS W25 030042 TKx,Ahşap Desenli Açılır Kapanır Çerçeve Gönye Köşe - A3 - 30x42 cm - 25mm,Afiş Çerçevesi,A3,30x42 cm,Alüminyum gövde + ahşap desenli kaplama,25,Gönye köşe,Kahverengi,0.8,905,,0,aktif,"Ahşap Desenli Açılır Kapanır Çerçeve Gönye Köşe - A3 - 30x42 cm - 25mm 
Ahşap Desenli Açılır Kapanır Çerçeve Gönye Köşe - A3 - 30x42 cm - 25mm, afiş ve posterlerinizi şık, profesyonel ve dikkat çekici bir şekilde sergilemek için özel olarak tasarlanmıştır. Alüminyum gövde üzerine uygulanan yüksek kaliteli ahşap desenli kaplama, çerçeveye hem dayanıklılık hem de doğal ahşap görünümü kazandırır. Gerçek ahşabın açık havada kullanımında yaşadığı kabarma ve kararma gibi sorunlar bu kaplama sayesinde tamamen engellenmiştir. 
Bu çerçeve, 25 mm profil kalınlığı ve gönye köşe tasarımıyla her türlü iç mekâna uyum sağlar. Açılır kapanır çerçeve profili sayesinde afişlerinizi kolayca değiştirebilir, zamandan tasarruf edebilirsiniz. 30x42 cm A3 boyutu, orta boyutlu görsellerinizi net ve etkili biçimde sunmanızı sağlar. 
Ahşap Desenli Açılır Kapanır Çerçeve, ofislerde, mağazalarda, restoranlarda, kafelerde, okullarda, otellerde, fuar alanlarında ve kamu binalarında kullanılmaya uygundur. Mekânınıza retro ve doğal bir hava katarken, mesajlarınızın dikkat çekmesini sağlar. 
Kullanımı oldukça pratik olan bu çerçeve, önden açılır profil dizaynı ile afiş değişimini hızlı ve kolay hale getirir. Ayrıca, özel olarak tasarlanmış koruyucu pet film ile görselleriniz, güneş ışınlarından, solma ve yıpranmalardan korunarak uzun ömürlü olur. 
Estetik görünüm, dayanıklılık ve pratik kullanımı bir arada sunan Ahşap Desenli Açılır Kapanır Çerçeve, hem ticari hem bireysel alanlarda güvenle tercih edebileceğiniz kaliteli bir çözümdür. 
Ürün Özellikleri • Boyut: A3 (30x42 cm) • Malzeme: Alüminyum gövde üzerine ahşap desenli kaplama • Profil Kalınlığı: 25 mm • Çerçevenin ön ve arka profili tamamen alüminyumdur • Köşe Tipi: Gönye köşe • Açılır Kapanır Sistem: Önden kolay afiş değişimi sağlayan açılır kapanır alüminyum profiller • Profillerin içinde kullanılan paslanmaz çelik yaylar sayesinde çerçeve sorunsuz açılıp kapanır • Koruma: UV ışınlarına, solmaya ve yıpranmaya karşı koruyucu PET film levha bulunmaktadır • Çerçeve zemininde gri renk polistren kullanılmıştır • Yatay ve dikey kullanıma uygundur • Montaj için gerekli vida ve dübel seti pakete dahildir • Kullanım Alanları: Ofis, mağaza, restoran, kafe, okul, otel, fuar alanı, kamu kurumları gibi çeşitli iç mekanlarda kullanım için uygundur • Estetik Özellik: Retro ve doğal görünümü yansıtan şık ahşap desenli kaplama 
",https://magaza.ores.com.tr/products/ahsap-desenli-acilir-kapanir-cerceve-gonye-kose-a3-30x42-cm-25mm
M01 PFSS 32 084118 TKx,Alüminyum Açılır Kapanır Çerçeve Gönye Köşe - A0 - 85x120 cm - 32mm,Afiş Çerçevesi,A0,85x120 cm,Alüminyum,32,Gönye köşe,Gümüş,4.2,2285,,18,aktif,"Alüminyum Açılır Kapanır Çerçeve Gönye Köşe - A0 - 85x120 cm - 32mm 
Alüminyum Açılır Kapanır Çerçeve Gönye Köşe - A0 - 85x120 cm - 32mm, görsellerinizi şık ve profesyonel bir şekilde sergilemek için ideal bir tercihtir. 32 mm kalınlığındaki çerçeve profili sayesinde afişleriniz öne çıkar ve dikkat çekici bir görünüm kazanır. İşletmenizin veya kurumunuzun reklam ve bilgilendirme ihtiyaçlarına pratik çözümler sunar. 
Bu açılır kapanır çerçeve profili, afiş değişimlerini hızlı ve kolay hale getirir. Önden açılan yapısı sayesinde, çerçeveyi duvardan sökmeden afişlerinizi zahmetsizce değiştirebilirsiniz. Orta kalınlıkta olması, hem büyük hem de küçük afişlerde kullanım esnekliği sağlar. Böylece farklı tasarımlar için aynı kalite ve dayanıklılığı yakalarsınız. 
Çerçevenin ana malzemesi olan eloksal alüminyum, dayanıklılığı artırırken estetik bir görünüm sunar. Eloksal kaplama, çerçeveyi çizilmelere, paslanmaya ve dış etkenlere karşı korur. Gümüş rengindeki parlak yüzeyi, her ortama uyum sağlar ve görsellerinizin kalitesini ön plana çıkarır. 
Kullanım alanı açısından Alüminyum Açılır Kapanır Çerçeve Gönye Köşe - A0 - 85x120 cm - 32mm çok yönlüdür. Ofisler, mağazalar, okullar, kafeler ve kamu binaları gibi pek çok yerde rahatlıkla kullanılabilir. Duvara monte edilebilir yapısı, sağlam ve profesyonel bir görünüm sağlar. Montaj için gerekli vida ve dübeller paketle beraber gönderilir. 
Görsellerinizi uzun ömürlü ve kaliteli tutmak için çerçeve içinde özel olarak tasarlanmış koruyucu pet film bulunur. Bu film, afişlerinizi güneş ışığına karşı korur, solmayı ve parlamayı engeller. Böylece afişleriniz her zaman ilk günkü canlılığını korur. 
Ürün Özellikleri • Boyut: A0 (85x120 cm) • Çerçeve Profili Kalınlığı: 32 mm • Malzeme: Eloksal kaplamalı alüminyum, çerçevenin ön ve arka profili tamamen alüminyumdur • Renk: Gümüş (Eloksal) • Köşe Tipi: Gönye köşe • Açılır Kapanır Mekanizma: Önden açılır kolay kullanım sağlayan alüminyum profiller • Profillerin içinde kullanılan paslanmaz çelik yaylar sayesinde çerçeve sorunsuz açılıp kapanır • Koruyucu Film: Güneş ışığı ve parlamaya karşı özel PET koruyucu film • Çerçeve zemininde gri renk polistren kullanılmıştır • Montaj: Duvara montaj için vida ve dübel dahil • Kullanım Alanları: Ofis, mağaza, okul, kafe, kamu binaları ve daha fazlası • Dayanıklılık: Çizilmelere ve paslanmaya karşı yüksek direnç • Yatay ve dikey kullanıma uygundur • Montaj için gerekli vida dübel seti pakete dahildir 
",https://magaza.ores.com.tr/products/aluminyum-acilir-kapanir-cerceve-gonye-kose-a0-85x120-cm-32mm
M01 PFSS 32 030042 TKx,"A3 Alüminyum Açılır Kapanır Çerçeve, Gönye Köşe, 30x42 cm - 32mm",Afiş Çerçevesi,A3,30x42 cm,Alüminyum,32,Gönye köşe,Gümüş,0.8,745,670,24,aktif,"A3 Alüminyum Açılır Kapanır Çerçeve, Gönye Köşe, 30x42 cm - 32mm 
A3 Alüminyum Açılır Kapanır Çerçeve, Gönye Köşe, 30x42 cm - 32mm, görsellerinizi şık ve profesyonel şekilde sergilemek için mükemmel bir çözümdür. 32 mm kalınlığındaki çerçeve profili, afişlerinizin ön plana çıkmasını sağlar ve dikkat çekici bir görünüm sunar. İşletmeler, kurumlar ve mağazalar için etkili bir reklam ve bilgilendirme aracıdır. 
Bu açılır kapanır çerçeve profili, kullanım kolaylığıyla öne çıkar. Önden açılan tasarımı sayesinde afiş değişikliklerinizi hızlıca yapabilirsiniz. Orta kalınlıktaki 32 mm profil, hem küçük hem de orta boy afişler için idealdir. Böylece farklı görsel boyutlarında maksimum kullanım esnekliği sağlar. 
Çerçevenin ana malzemesi olan eloksal kaplamalı alüminyum, dayanıklılığı artırırken modern ve estetik bir görünüm kazandırır. Eloksal yüzey işlemi, alüminyumun çizilmelere, paslanmaya ve dış etkilere karşı direncini yükseltir. Gümüş renkli bu çerçeve, hemen her ortamla uyum sağlayarak görsellerinizin kalitesini vurgular. 
A3 Alüminyum Açılır Kapanır Çerçeve, Gönye Köşe, 30x42 cm - 32mm, ofislerden kafelere, okullardan alışveriş merkezlerine kadar geniş kullanım alanlarına uygundur. Duvara kolayca monte edilir ve monte için gerekli vida ile dübeller pakete dahildir. Ön yüzünden kolayca afiş değiştirme imkanı sayesinde reklam içeriklerinizi pratik şekilde yenileyebilirsiniz. 
Görsellerinizi uzun süre korumak için çerçeve özel olarak tasarlanmış koruyucu pet film ile birlikte gelir. Bu film, afişlerinizi güneş ışığına karşı koruyarak solmayı ve parlamayı önler. Böylece afişleriniz her zaman canlı ve profesyonel bir görünümde kalır. 
Ürün Özellikleri • Boyut: A3 (30x42 cm) • Çerçeve Profili Kalınlığı: 32 mm • Malzeme: Eloksal kaplamalı alüminyum, çerçevenin ön ve arka profili tamamen alüminyumdur • Renk: Gümüş (Eloksal) • Köşe Tipi: Gönye köşe (rondo kromaj oval kenar) • Mekanizma: Önden açılır kapanır, pratik kullanım sağlayan açılır kapanır alüminyum profiller • Profillerin içinde kullanılan paslanmaz çelik yaylar sayesinde çerçeve sorunsuz açılıp kapanır • Koruyucu Film: Güneş ışığı, parlamaya ve solmaya karşı özel PET film • Çerçeve zemininde gri renk polistren kullanılmıştır • Montaj: Duvara montaj için vida ve dübel dahil • Kullanım Alanları: Ofis, mağaza, okul, kafe, kamu binaları vb. • Dayanıklılık: Çizilmelere ve paslanmaya karşı yüksek direnç • Yatay ve dikey kullanıma uygundur • Montaj için gerekli vida ve dübel seti pakete dahildir 
",https://magaza.ores.com.tr/products/a3-aluminyum-acilir-kapanir-cerceve-gonye-kose-30x42-cm-32mm
M01 PFSS 25 021030 TKx,Alüminyum Açılır Kapanır Çerçeve Gönye Köşe - A4 - 21x30 cm - 25mm,Afiş Çerçevesi,A4,21x30 cm,Alüminyum,25,Gönye köşe,Gümüş,0.5,420,,25,aktif,"Alüminyum Açılır Kapanır Çerçeve Gönye Köşe - A4 - 21x30 cm - 25mm 
Alüminyum Açılır Kapanır Çerçeve Gönye Köşe - A4 - 21x30 cm - 25mm, işletmelerin ve kurumların reklam ve bilgilendirme ihtiyaçlarına yönelik ideal bir çözümdür. 25 mm profil kalınlığıyla dayanıklı ve şık bir yapı sunan bu çerçeve, görsellerinizi net ve dikkat çekici şekilde sergilemenizi sağlar. A4 boyutu ile küçük ve orta ölçekli afişleriniz için mükemmeldir. 
Açılır kapanır profil sistemi, çerçevenin ön tarafından kolayca açılıp kapanmasını sağlar; bu sayede afiş değişimleri son derece pratiktir. Gönye köşe tasarımı, çerçevenin köşelerinde estetik ve sağlam bir görünüm sunar. İnce profil yapısı, afişlerinizi ön plana çıkararak daha profesyonel bir sunum gerçekleştirmenize yardımcı olur. 
Eloksal kaplama sayesinde alüminyum gövde, çizilmelere, darbelere ve dış etkenlere karşı dayanıklı hale gelir. Eloksal işlemi alüminyumun ömrünü uzatırken aynı zamanda dekoratif bir görünüm kazandırır. Bu çerçeve, ofislerde, mağazalarda, okullarda ve kamu alanlarında rahatlıkla kullanılabilir. 
Çerçeveye entegre edilen koruyucu pet film, afişlerinizi güneş ışığı, toz ve nem gibi etkenlerden koruyarak solmayı ve parlamayı engeller. Bu sayede afişleriniz uzun ömürlü olur ve her zaman canlı renklerle göz alıcı kalır. Hem iç hem dış mekanlarda güvenle tercih edilebilir. 
Alüminyum Açılır Kapanır Çerçeve Gönye Köşe - A4 - 21x30 cm - 25mm, sağlam yapısı, kolay kullanımı ve estetik görünümüyle reklam ve bilgilendirme afişleriniz için mükemmel bir tercihtir. Duvara montajı kolaydır ve ön taraftan afiş değişimi ile işlerinizi hızlandırır. 
Ürün Özellikleri • Profil Kalınlığı: 25 mm • Ölçü: 21x30 cm (A4) • Köşe Tipi: Gönye köşe • Gövde Malzemesi: Eloksal kaplamalı alüminyum, çerçevenin ön ve arka profili tamamen alüminyumdur • Mekanizma: Açılır kapanır profil sistemi sayesinde ön taraftan hızlı ve pratik afiş değişimi • Profillerin içinde kullanılan paslanmaz çelik yaylar sayesinde çerçeve sorunsuz açılıp kapanır • Koruma: UV ışınlarına karşı korumalı özel PET film, ayrıca solmaya ve yıpranmaya dayanıklıdır • Çerçeve zemininde gri renk polistren kullanılmıştır • Montaj: Duvara monte için vida ve dübel seti pakete dahildir • Kullanım Alanları: Ofisler, mağazalar, okullar, kamu binaları, kafeler, alışveriş merkezleri gibi iç mekanlar • Kullanım Kolaylığı: Ön taraftan hızlı ve pratik afiş değişimi sağlar • Yatay ve dikey kullanıma uygundur 
",https://magaza.ores.com.tr/products/aluminyum-acilir-kapanir-cerceve-gonye-kose-a4-21x30-cm-25mm
M01 PFSS 25 060084 TKx,"A1 Alüminyum Açılır Kapanır Çerçeve, Gönye Köşe, 60x84 cm - 25mm",Afiş Çerçevesi,A1,60x84 cm,Alüminyum,25,Gönye köşe,Gümüş,2.3,1100,,2,aktif,"A1 Alüminyum Açılır Kapanır Çerçeve, Gönye Köşe, 60x84 cm - 25mm 
A1 Alüminyum Açılır Kapanır Çerçeve, Gönye Köşe, 60x84 cm - 25mm, işletmelerin ve kurumların görsel tanıtım ihtiyaçlarını karşılamak için tasarlanmış kaliteli bir üründür. 25 mm profil kalınlığı ile dayanıklı ve sağlam yapısı sayesinde uzun ömürlü kullanım sunar. Gönye köşe tasarımı, estetik ve profesyonel bir görünüm sağlar. 60x84 cm (A1) ölçüsü, büyük boyutlu afiş ve görseller için idealdir. 
Açılır kapanır profil sistemi, çerçevenin ön tarafından kolayca açılıp kapanmasını mümkün kılar. Bu sayede afiş değişiklikleri hızlı ve zahmetsizce yapılabilir. İnce profil yapısı, afişlerinizi ön plana çıkararak şık ve net bir sunum gerçekleştirir. İş yerleri, fuar alanları, mağazalar ve kamu binaları gibi pek çok ortamda rahatlıkla kullanılabilir. 
Eloksal kaplama işlemi, alüminyum gövdeyi çizilmelere, korozyona ve darbelere karşı korur. Bu özel kaplama sayesinde çerçeve hem dayanıklı hem de dekoratif bir görünüm kazanır. Standart gümüş rengi eloksal kaplama, çoğu dekorasyon stiline uyum sağlar. İsteğe bağlı olarak farklı RAL renk seçenekleriyle de üretim yapılabilir. 
Ürün, görsellerinizi koruyan UV korumalı pet film ile donatılmıştır. Bu koruyucu film, afişlerinizi güneş ışığı, toz ve nem gibi dış etkenlerden koruyarak solmayı ve parlamayı engeller. Böylece afişleriniz her zaman canlı ve net kalır, uzun süreli kullanım sağlar. 
A1 Alüminyum Açılır Kapanır Çerçeve, Gönye Köşe, 60x84 cm - 25mm, sağlamlığı, şıklığı ve pratik kullanımıyla reklam ve bilgilendirme afişlerinizi etkili şekilde sergilemek isteyenler için ideal bir çözümdür. Duvara montaj kolaylığı ve ön taraftan pratik afiş değişimi ile işlerinizi hızlandırır. 
Ürün Özellikleri • Profil Kalınlığı: 25 mm • Ölçü: 60x84 cm (A1) • Köşe Tipi: Gönye köşe • Malzeme: Gümüş eloksallı alüminyum, çerçevenin ön ve arka profili tamamen alüminyumdur • Mekanizma: Açılır kapanır alüminyum profiller sayesinde posterinizi kolaylıkla değiştirebilirsiniz • Profillerin içinde kullanılan paslanmaz çelik yaylar, çerçevenin sorunsuz açılıp kapanmasını sağlar • Koruma: UV korumalı özel PET film, ayrıca solmaya ve yıpranmaya karşı dayanıklıdır • Çerçeve zemininde gri renk polistren kullanılmıştır • Montaj: Duvara monte için vida ve dübel seti pakete dahildir • Kullanım Alanları: Ofisler, fuar alanları, kamu binaları, okullar, alışveriş merkezleri ve benzeri iç mekanlar • Kullanım Kolaylığı: Ön taraftan kolay ve hızlı afiş değişimi sağlar • Yatay ve dikey kullanıma uygundur 
",https://magaza.ores.com.tr/products/a1-aluminyum-acilir-kapanir-cerceve-25mm-gonye-kose-60x84-cm
M01 PFSS 25 050070 TKx,Alüminyum Açılır Kapanır Çerçeve Gönye Köşe - B2 - 50x70 cm - 25mm,Afiş Çerçevesi,B2,50x70 cm,Alüminyum,25,Gönye köşe,Gümüş,1.8,895,,30,aktif,"Alüminyum Açılır Kapanır Çerçeve Gönye Köşe - B2 - 50x70 cm - 25mm 
Alüminyum Açılır Kapanır Çerçeve Gönye Köşe - B2 - 50x70 cm - 25mm, kurumların ve işletmelerin reklam ve bilgilendirme afişlerini şık ve güvenli bir şekilde sergilemesi için tasarlanmıştır. 25 mm profil kalınlığıyla dayanıklı ve sağlam yapısı, ürünün uzun ömürlü kullanımını garanti eder. Gönye köşe yapısı, çerçeveye estetik bir görünüm kazandırırken, 50x70 cm ölçüsü orta büyüklükteki afişler için idealdir. 
Açılır kapanır profil sistemi sayesinde çerçeveyi kullanmak oldukça pratiktir. Önden açılır yapısı, afişlerinizi hızlı ve kolay şekilde değiştirmenizi sağlar. İnce ve zarif profil tasarımı, afişinizin dikkat çekmesini ve ön plana çıkmasını sağlar. Bu özellikleriyle mağazalar, ofisler, fuar alanları ve kamu binaları gibi birçok farklı ortamda rahatlıkla kullanılabilir. 
Çerçevenin alüminyum gövdesi eloksal kaplama ile korunur. Eloksal, malzemenin çizilmelere, korozyona ve dış etkenlere karşı dayanıklılığını artırırken, estetik bir parlaklık ve dekoratif bir görünüm sunar. Standart olarak gümüş rengi sunulsa da, isteğe bağlı farklı RAL renklerinde üretim de mümkündür. 
Görsellerinizi korumak için özel olarak tasarlanmış UV korumalı pet film çerçevenin içine entegre edilmiştir. Bu koruyucu film, afişlerinizi güneş ışığı, toz ve nem gibi dış etkenlere karşı koruyarak solmayı ve parlamayı önler. Böylece afişleriniz her zaman canlı ve kaliteli görünür. 
Alüminyum Açılır Kapanır Çerçeve Gönye Köşe - B2 - 50x70 cm - 25mm, sağlamlığı, şıklığı ve pratik kullanımıyla reklamcılıkta öncelikli tercih edilen ürünlerden biridir. Duvara montaj için uygun olan ürünle, afiş değişimlerinizi kolayca yapabilir, görsellerinizi profesyonel şekilde sergileyebilirsiniz. Vida ve dübeller montaj için ürünle birlikte gönderilir. 
Ürün Özellikleri • Profil Kalınlığı: 25 mm • Ölçü: 50x70 cm (B2) • Köşe Tipi: Gönye köşe • Malzeme: Gümüş eloksallı alüminyum, çerçevenin ön ve arka profili tamamen alüminyumdur • Mekanizma: Önden açılır kapanır alüminyum profil sistemi sayesinde posterinizi kolaylıkla değiştirebilirsiniz • Profillerin içinde kullanılan paslanmaz çelik yaylar, çerçevenin sorunsuz açılıp kapanmasını sağlar • Koruma: UV korumalı özel PET film, solmaya ve yıpranmaya karşı dayanıklıdır • Çerçeve zemininde gri renk polistren kullanılmıştır • Montaj: Duvara monte için vida ve dübel seti pakete dahildir • Kullanım Alanları: Ofisler, mağazalar, fuar alanları, kamu binaları, okullar, alışveriş merkezleri • Kullanım Avantajı: Ön taraftan hızlı ve pratik afiş değişimi • Yatay ve dikey kullanıma uygundur 
",https://magaza.ores.com.tr/products/aluminyum-acilir-kapanir-cerceve-gonye-kose-b2-50x70-cm-25mm
M01 PFSS 25 070100 TKx,Alüminyum Açılır Kapanır Çerçeve Gönye Köşe - B1 - 70x100 cm - 25mm,Afiş Çerçevesi,B1,70x100 cm,Alüminyum,25,Gönye köşe,Gümüş,3.0,1395,1230,20,aktif,"Alüminyum Açılır Kapanır Çerçeve Gönye Köşe - B1 - 70x100 cm - 25mm 
Alüminyum Açılır Kapanır Çerçeve Gönye Köşe - B1 - 70x100 cm - 25mm, reklam ve bilgilendirme afişlerinizi profesyonel bir şekilde sergilemeniz için tasarlanmıştır. 25 mm profil kalınlığı sayesinde dayanıklı yapısıyla uzun ömürlü kullanım sunar. Geniş boyutu ile dikkat çekici afişlerinizi rahatlıkla yerleştirip sergileyebilirsiniz. 
Açılır kapanır mekanizması sayesinde çerçeve kullanımı çok pratiktir. İnce profil tasarımı, afişinizin öne çıkmasını sağlar ve görsel materyallerinizi şık bir şekilde sunar. Bu çerçeve modeli özellikle mağazalar, ofisler, fuar alanları ve kamu binaları gibi pek çok farklı mekanda rahatlıkla kullanılabilir. 
Çerçevenin yüzeyi eloksal alüminyum kaplama ile korunur. Eloksal işlemi, alüminyumun çizilmelere ve dış etkenlere karşı dayanıklılığını artırırken estetik ve parlak bir görünüm sağlar. Standart olarak gümüş renk sunulsa da, talep doğrultusunda farklı RAL renk seçenekleri de mevcuttur. 
Görsellerinizin uzun ömürlü olması için çerçeveye entegre edilen UV korumalı koruyucu pet film, afişlerinizi güneş ışınlarından, toz ve nemden korur. Böylece afişleriniz solmaz, parlama yapmaz ve her zaman canlı görünür. 
Alüminyum Açılır Kapanır Çerçeve Gönye Köşe - B1 - 70x100 cm - 25mm, sağlam montaj seçenekleriyle duvara kolayca monte edilebilir. Vida ve dübeller ürünle birlikte gönderilir. Ön taraftan kolayca afiş değiştirmenize imkan veren bu ürün, hem şıklığı hem de işlevselliği bir arada sunar. 
Ürün Özellikleri • Profil Kalınlığı: 25 mm • Ölçü: 70x100 cm (B1) • Köşe Tipi: Gönye köşe • Malzeme: Gümüş eloksallı eloksal kaplamalı alüminyum, çerçevenin ön ve arka profili tamamen alüminyumdur • Mekanizma: Önden açılır kapanır alüminyum profil sistemi sayesinde posterinizi kolaylıkla değiştirebilirsiniz • Profillerin içinde kullanılan paslanmaz çelik yaylar, çerçevenin sorunsuz açılıp kapanmasını sağlar • Koruma: UV korumalı özel PET film, solmaya ve yıpranmaya karşı dayanıklıdır • Çerçeve zemininde gri renk polistren kullanılmıştır • Montaj: Duvara monte için vida ve dübel seti pakete dahildir • Kullanım Alanları: Ofisler, mağazalar, fuar alanları, kamu binaları, okullar • Avantaj: Ön taraftan hızlı ve pratik afiş değişimi • Yatay ve dikey kullanıma uygundur 
",https://magaza.ores.com.tr/products/aluminyum-acilir-kapanir-cerceve-gonye-kose-b1-70x100-cm-25mm
M01 PFSS 25 030042 TKx,Alüminyum Açılır Kapanır Çerçeve Gönye Köşe - A3 - 30x42 cm - 25mm,Afiş Çerçevesi,A3,30x42 cm,Alüminyum,25,Gönye köşe,Gümüş,0.8,540,460,9,aktif,"Alüminyum Açılır Kapanır Çerçeve Gönye Köşe - A3 - 30x42 cm - 25mm 
Alüminyum Açılır Kapanır Çerçeve Gönye Köşe - A3 - 30x42 cm - 25mm, işletmelerin ve kurumların görsel iletişim ihtiyaçlarını karşılamak üzere tasarlanmış kaliteli bir reklam aracıdır. Bu çerçeve ile afişlerinizi şık ve düzenli bir şekilde sergileyebilir, ziyaretçilerinize mesajlarınızı net bir biçimde iletebilirsiniz. 
Ürünün açılır kapanır çerçeve profili, kullanımı son derece pratik hale getirir. İnce ve zarif profil yapısı sayesinde afişleriniz ön planda olur. Özellikle küçük ve orta boy afişler için ideal bir seçimdir. Tasarım ve mekanınıza uygun olarak estetik bir görünüm sunar. 
Çerçevenin yüzeyi eloksal alüminyum kaplama ile güçlendirilmiştir. Eloksal işlemi, alüminyumun dayanıklılığını artırırken korozyona ve dış etkenlere karşı koruma sağlar. Ayrıca, bu kaplama çerçeveye parlak ve modern bir görünüm kazandırır. İsterseniz farklı renk seçenekleri ile de sipariş verebilirsiniz. 
25 mm profil kalınlığı ve gönye köşe yapısı sayesinde çerçeve hem sağlam hem de estetik bir yapıya sahiptir. Duvara kolayca monte edilebilmesi, kullanım alanınızı genişletir. Ayrıca, ön taraftan afiş değiştirme özelliği sayesinde afişlerinizi hızlıca yenileyebilirsiniz. 
Görsellerinizin uzun ömürlü ve kaliteli kalması için çerçeve, UV korumalı özel pet film ile donatılmıştır. Bu sayede afişleriniz güneş ışınlarına, solmaya ve parlamaya karşı korunur. Uzun süre canlı ve profesyonel bir görüntü elde etmenize olanak tanır. 
Ürün Özellikleri • Profil Kalınlığı: 25 mm • Boyut: 30x42 cm (A3) • Köşe Tipi: Gönye köşe • Malzeme: Gümüş eloksallı eloksal kaplamalı alüminyum, çerçevenin ön ve arka profili tamamen alüminyumdur • Mekanizma: Önden açılır kapanır alüminyum profil sistemi sayesinde posterinizi kolaylıkla değiştirebilirsiniz • Profillerin içinde kullanılan paslanmaz çelik yaylar, çerçevenin sorunsuz açılıp kapanmasını sağlar • Koruma: UV korumalı özel PET film bulunmaktadır • Çerçeve zemininde gri renk polistren kullanılmıştır • Montaj: Duvara monte için vida ve dübel seti pakete dahildir • Kullanım Alanları: Ofisler, eğitim kurumları, kamu binaları • Avantaj: Kolay ve hızlı afiş değişimi • Yatay ve dikey kullanıma uygundur 
",https://magaza.ores.com.tr/products/aluminyum-acilir-kapanir-cerceve-gonye-kose-a3-30x42-cm-25mm
M01 PFSS 32 060084 TKx,Alüminyum Açılır Kapanır Çerçeve Gönye Köşe - A1 - 60x84 cm - 32mm,Afiş Çerçevesi,A1,60x84 cm,Alüminyum,32,Gönye köşe,Gümüş,2.3,1475,,15,aktif,"Alüminyum Açılır Kapanır Çerçeve Gönye Köşe - A1 - 60x84 cm - 32mm 
Alüminyum Açılır Kapanır Çerçeve Gönye Köşe - A1 - 60x84 cm - 32mm, görsellerinizi profesyonel ve şık bir şekilde sergilemek için tasarlanmış üstün kaliteli bir afiş çerçevesidir. 32 mm kalınlığındaki çerçeve profili, afişlerinizi dikkat çekici biçimde öne çıkarırken, işletmenizin ya da kurumunuzun reklam ve bilgilendirme ihtiyaçlarını etkili şekilde karşılar. 
Bu çerçevenin açılır kapanır yapısı, kullanım kolaylığı sağlar. Önden açılan profil sayesinde, afişlerinizi duvardan sökmeden hızlıca değiştirebilir, zamandan ve emekten tasarruf edebilirsiniz. Orta kalınlıktaki 32 mm profil, hem büyük hem de küçük boy afişlerde rahatlıkla kullanılabilir, böylece farklı boyutlarda görselleriniz için esnek çözümler sunar. 
Çerçevenin ana malzemesi olan eloksal kaplamalı alüminyum, dayanıklılığı artırırken aynı zamanda modern ve estetik bir görünüm sağlar. Eloksal işlemi, alüminyumun çizilmelere, paslanmaya ve dış etkenlere karşı direncini yükseltir. Gümüş rengi ve parlak yüzeyi sayesinde hemen her mekâna uyum sağlayarak afişlerinizin kalitesini vurgular. 
Alüminyum Açılır Kapanır Çerçeve Gönye Köşe - A1 - 60x84 cm - 32mm, ofisler, mağazalar, okullar, kafeler ve kamu binaları gibi birçok farklı alanda güvenle kullanılabilir. Duvara monte edilmesi kolaydır ve montaj için gerekli vida ve dübeller pakete dahildir. Ön yüzünden pratik afiş değişimi yaparak reklamlarınızı her zaman güncel tutabilirsiniz. 
Görsellerinizi uzun süre koruyacak olan özel koruyucu pet film, afişlerinizi güneş ışığından koruyarak solmayı ve parlamayı önler. Böylece afişleriniz her zaman canlı, net ve profesyonel görünümde kalır. 
Ürün Özellikleri • Boyut: A1 (60x84 cm) • Çerçeve Profili Kalınlığı: 32 mm • Malzeme: Eloksal kaplamalı alüminyum • Renk: Gümüş (Eloksal) • Köşe Tipi: Gönye köşe • Mekanizma: Önden açılır kapanır pratik kullanım • Profillerin içinde kullanılan paslanmaz çelik yaylar, çerçevenin sorunsuz açılıp kapanmasını sağlar • Koruyucu Film: Güneş ışığı ve parlamaya karşı özel pet film • Montaj: Duvara montaj için vida ve dübel dahil • Kullanım Alanları: Ofis, mağaza, okul, kafe, kamu binaları vb. • Dayanıklılık: Çizilmelere ve paslanmaya karşı yüksek direnç
 
",https://magaza.ores.com.tr/products/aluminyum-acilir-kapanir-cerceve-gonye-kose-a1-60x84-cm-32mm
M01 PFRS 25 030042 TKx,"A3 Alüminyum Açılır Kapanır Çerçeve, 25mm Rondo Köşe, 30x42 cm",Afiş Çerçevesi,A3,30x42 cm,Alüminyum,25,Rondo köşe,"Beyaz, Gümüş",0.8,540,,12,aktif,"A3 Alüminyum Açılır Kapanır Çerçeve, 25mm Rondo Köşe, 30x42 cm 
A3 Alüminyum Açılır Kapanır Çerçeve, 25mm Rondo Köşe, 30x42 cm görsel materyallerinizi şık ve etkili bir şekilde sergilemeniz için tasarlanmış profesyonel bir çözümdür. İşletmeler ve kurumlar tarafından sıklıkla tercih edilen bu çerçeve, afişlerinizi düzenli ve dikkat çekici biçimde sunmanıza olanak sağlar. 
25 mm profil kalınlığına sahip olan bu çerçeve, açılır kapanır mekanizması sayesinde afiş değişimini son derece kolaylaştırır. İnce ve yuvarlak (rondo) köşe tasarımı, ürününüze modern ve estetik bir görünüm kazandırır. Küçük ve orta boy görseller için ideal olup, her ortamla uyum sağlayacak şekilde tasarlanmıştır. 
Çerçevenin yüzeyi eloksal alüminyum kaplama ile güçlendirilmiştir. Bu özel kaplama, alüminyumun dayanıklılığını artırır, çizilmelere ve dış etkenlere karşı koruma sağlar. Ayrıca parlak ve dekoratif görünümüyle ortamınızda profesyonel bir atmosfer yaratır. İhtiyaç halinde farklı RAL renk seçenekleri ile de üretim yapılabilmektedir. 
Duvara montajı kolaydır ve vida-dübel seti ürünle birlikte gelir. Ön taraftan açılan çerçeve profili sayesinde afişlerinizi hızlıca çıkarıp değiştirebilirsiniz. Ofislerde, mağazalarda, eğitim kurumlarında veya kamusal alanlarda kullanıma uygun, dayanıklı ve şık bir reklam ürünüdür. 
Görsellerinizi korumak için özel olarak tasarlanmış UV korumalı pet film sayesinde, afişleriniz güneş ışınlarından etkilenmez, solmaz ve parlamaz. Böylece afişleriniz uzun süre canlı ve kaliteli kalır, profesyonel görünümünü korur. 
Ürün Özellikleri • Profil Kalınlığı: 25 mm • Köşe Tipi: Rondo (Yuvarlak kromaj oval kenar) köşe • Boyut: 30x42 cm (A3) • Malzeme: Gümüş eloksallı eloksal kaplamalı alüminyum, çerçevenin ön ve arka profili tamamen alüminyumdur • Mekanizma: Önden açılır kapanır alüminyum profiller sayesinde posterinizi kolaylıkla değiştirebilirsiniz • Profillerin içinde kullanılan paslanmaz çelik yaylar, çerçevenin sorunsuz açılıp kapanmasını sağlar • Koruma: UV korumalı özel PET film bulunmaktadır • Çerçeve zemininde gri renk polistren kullanılmıştır • Montaj: Duvara monte için vida ve dübel seti pakete dahildir • Kullanım Alanları: Ofis, mağaza, okul, kamu binaları, alışveriş merkezleri • Avantajlar: Kolay afiş değişimi, dayanıklı ve estetik tasarım • Yatay ve dikey kullanıma uygundur 
 
",https://magaza.ores.com.tr/products/a3-aluminyum-acilir-kapanir-cerceve-25mm-rondo-kose-30x42-cm
M01 PFRS 25 021030 TKx,"A4 Alüminyum Açılır Kapanır Çerçeve, 25mm Rondo Köşe, 21x30 cm",Afiş Çerçevesi,A4,21x30 cm,Alüminyum,25,Rondo köşe,"Beyaz, Gümüş",0.5,420,,32,aktif,"A4 Alüminyum Açılır Kapanır Çerçeve, 25mm Rondo Köşe, 21x30 cm 
A4 Alüminyum Açılır Kapanır Çerçeve, 25mm Rondo Köşe, 21x30 cm reklam ve bilgilendirme amaçlı görsellerinizi etkileyici ve düzenli bir şekilde sergilemenizi sağlar. Kurumlar ve işletmeler tarafından sıkça tercih edilen bu ürün, afiş ve posterlerinizi kolayca değiştirmenize olanak tanıyan pratik bir çözümdür. 
25 mm profil kalınlığına sahip açılır kapanır çerçeve, özellikle küçük boyutlu afişlerinizi ön plana çıkarır. Rondo (yuvarlak) köşe tasarımıyla estetik ve modern bir görünüm sunarken, ince profil yapısı sayesinde afişleriniz dikkat çekici ve şık bir biçimde sergilenir. 
Çerçeve, dayanıklılığı ve şıklığı artıran eloksal alüminyum kaplama ile üretilmiştir. Bu özel yüzey işlemi, çerçevenin çizilmelere ve dış etkenlere karşı dayanıklı olmasını sağlar. Ayrıca, eloksal kaplama sayesinde alüminyum çerçeve parlak ve dekoratif bir görünüm kazanır. İsteğe bağlı olarak farklı RAL renk seçenekleri sunulmaktadır. 
Duvara montajı kolaydır ve montaj için gerekli vida ile dübeller pakete dahildir. Önden açılan profil yapısı sayesinde afişlerinizi hızlı ve zahmetsizce değiştirebilirsiniz. Ofis, mağaza, okul, kafe ve kamu alanları gibi pek çok farklı ortam için uygundur. 
Görsellerinizi uzun süre korumak için çerçevede bulunan UV korumalı pet film, afişlerinizi güneş ışınlarının zararlı etkilerinden korur, solma ve parlamayı önler. Böylece afişleriniz her zaman canlı ve profesyonel görünür. 
Ürün Özellikleri • Profil Kalınlığı: 25 mm • Köşe Tipi: Rondo (Yuvarlak kromaj oval kenar) köşe • Boyut: 21x30 cm (A4) • Malzeme: Gümüş eloksallı alüminyum, çerçevenin ön ve arka profili tamamen alüminyumdur • Mekanizma: Önden açılır kapanır alüminyum profiller sayesinde posterinizi kolaylıkla değiştirebilirsiniz • Profillerin içinde kullanılan paslanmaz çelik yaylar, çerçevenin sorunsuz açılıp kapanmasını sağlar • Koruma: UV korumalı özel PET film bulunmaktadır • Çerçeve zemininde gri renk polistren kullanılmıştır • Montaj: Duvara monte için vida ve dübel seti pakete dahildir • Kullanım Alanları: Ofis, mağaza, okul, kafe, kamu binaları • Avantajlar: Kolay afiş değişimi, dayanıklı, estetik ve şık tasarım • Yatay ve dikey kullanıma uygundur 
",https://magaza.ores.com.tr/products/a4-aluminyum-acilir-kapanir-cerceve-25mm-rondo-kose-21x30-cm
M01 PFRS 25 035050 TKx,"B3 Alüminyum Açılır Kapanır Çerçeve, 25mm Rondo Köşe, 35x50 cm",Afiş Çerçevesi,B3,35x50 cm,Alüminyum,25,Rondo köşe,Gümüş,1.0,630,,35,aktif,"B3 Alüminyum Açılır Kapanır Çerçeve, 25mm Rondo Köşe, 35x50 cm 
B3 Alüminyum Açılır Kapanır Çerçeve, 25mm Rondo Köşe, 35x50 cm, reklam ve bilgilendirme amaçlı afişlerinizi şık ve profesyonel bir şekilde sergilemenizi sağlar. Birçok işletme ve kurum tarafından tercih edilen bu ürün, görsellerinizi kolayca değiştirebilme özelliğiyle zamandan tasarruf etmenizi sağlar. 
25 mm profil kalınlığı ve açılır kapanır mekanizması sayesinde ürün kullanımı oldukça pratiktir. İnce ve modern tasarımlı çerçeve profili, afişlerinizi ön plana çıkarır ve dikkat çekici bir sunum yapmanızı mümkün kılar. Rondo köşe detayı ise çerçeveye estetik ve zarif bir görünüm kazandırır. 
Çerçeve, dayanıklılığı artıran ve estetik görünümü sağlayan eloksal alüminyum gümüş kaplama ile üretilmiştir. Bu özel yüzey işlemi sayesinde çerçeve çizilmelere, dış etkenlere karşı dirençli olur. İhtiyaç halinde farklı RAL renk seçenekleri ile de üretim yapılabilir, böylece her ortamla uyum sağlanabilir. 
Bu model, ofis, mağaza, okul, kafe, alışveriş merkezi ve kamu binaları gibi pek çok farklı mekanda kullanım için uygundur. Duvara kolayca monte edilir ve montaj için gerekli vida ve dübeller ürünle birlikte sunulur. Afişlerinizi çerçeveden kolayca çıkarıp değiştirmeniz mümkündür. 
Görsellerinizi korumak için çerçevede bulunan UV korumalı pet film, afişlerinizin güneş ışığı ve dış etkenlerden zarar görmesini engeller, solmayı ve yansıma sorunlarını önler. Böylece afişleriniz uzun ömürlü ve her zaman kaliteli bir görünüm sunar. 
Ürün Özellikleri • Profil Kalınlığı: 25 mm • Köşe Tipi: Rondo (Yuvarlak kromaj oval kenar) köşe • Boyut: 35x50 cm (B3) • Malzeme: Gümüş eloksallı alüminyum, çerçevenin ön ve arka profili tamamen alüminyumdur • Mekanizma: Önden açılır kapanır alüminyum profiller sayesinde posterinizi kolaylıkla değiştirebilirsiniz • Profillerin içinde kullanılan paslanmaz çelik yaylar, çerçevenin sorunsuz açılıp kapanmasını sağlar • Koruma: UV korumalı özel PET film bulunmaktadır • Çerçeve zemininde gri renk polistren kullanılmıştır • Montaj: Duvara monte için vida ve dübel seti pakete dahildir • Kullanım Alanları: Ofis, mağaza, okul, kafe, alışveriş merkezi, kamu binaları • Avantajlar: Kolay afiş değişimi, dayanıklı, estetik ve modern tasarım • Yatay ve dikey kullanıma uygundur 
",https://magaza.ores.com.tr/products/b3-aluminyum-acilir-kapanir-cerceve-25mm-rondo-kose-35x50-cm
M01 PFRS 25 042060 TKx,"A2 Alüminyum Açılır Kapanır Çerçeve, 25mm Rondo Köşe, 42x60 cm",Afiş Çerçevesi,A2,42x60 cm,Alüminyum,25,Rondo köşe,"Beyaz, Gümüş",1.3,750,,14,aktif,"A2 Alüminyum Açılır Kapanır Çerçeve, 25mm Rondo Köşe, 42x60 cm 
A2 Alüminyum Açılır Kapanır Çerçeve, 25mm Rondo Köşe, 42x60 cm, birçok işletme ve kurum tarafından tercih edilen etkili bir reklam ve bilgilendirme aracıdır. Bu çerçeve sayesinde görsellerinizi şık ve profesyonel bir şekilde sergileyebilir, müşteri ve ziyaretçilerinize mesajlarınızı kolaylıkla iletebilirsiniz. 
25 mm profil kalınlığı ve açılır kapanır mekanizması ile ürün son derece pratiktir. İnce ve zarif çerçeve profili, afişlerinizi ön plana çıkararak dikkat çekici ve estetik bir sunum sağlar. Rondo köşe tasarımı çerçeveye modern ve şık bir görünüm kazandırır. 
Çerçeve, dayanıklılık ve estetik için özel olarak eloksal alüminyum gümüş kaplama ile üretilmiştir. Eloksal işlemi sayesinde ürün çizilmelere, dış etkenlere karşı dirençli hale gelir ve dekoratif bir parlaklık kazanır. İsteğe bağlı olarak farklı RAL renk seçenekleri ile de temin edilebilir. 
Bu model, ofisler, mağazalar, okullar, kafeler, alışveriş merkezleri ve kamu binaları gibi farklı mekanlarda rahatlıkla kullanılabilir. Ürün duvara kolayca monte edilir, montaj için gerekli vida ve dübeller paket içeriğindedir. Afişlerinizi çerçeveden kolayca çıkarıp yenisiyle değiştirebilirsiniz. 
Çerçevede bulunan UV korumalı pet film, afişlerinizi güneş ışığı, solma ve parlamaya karşı koruyarak uzun ömürlü ve kaliteli bir görünüm sağlar. Böylece görselleriniz her zaman canlı ve dikkat çekici kalır. 
Ürün Özellikleri • Profil Kalınlığı: 25 mm • Köşe Tipi: Rondo (Yuvarlak kromaj oval kenar) köşe • Boyut: 42x60 cm (A2) • Malzeme: Gümüş eloksallı alüminyum, çerçevenin ön ve arka profili tamamen alüminyumdur • Mekanizma: Önden açılır kapanır alüminyum profiller sayesinde posterinizi kolaylıkla değiştirebilirsiniz • Profillerin içinde kullanılan paslanmaz çelik yaylar, çerçevenin sorunsuz açılıp kapanmasını sağlar • Koruma: UV korumalı özel PET film bulunmaktadır • Çerçeve zemininde gri renk polistren kullanılmıştır • Montaj: Duvara monte için vida ve dübel seti pakete dahildir • Kullanım Alanları: Ofis, mağaza, okul, kafe, alışveriş merkezi, kamu binaları • Avantajlar: Kolay afiş değişimi, dayanıklı, estetik ve modern tasarım • Yatay ve dikey kullanıma uygundur 
",https://magaza.ores.com.tr/products/a2-aluminyum-acilir-kapanir-cerceve-25mm-rondo-kose-42x60-cm
M01 PFRS 25 060084 TKx,"A1 Alüminyum Açılır Kapanır Çerçeve, 25mm Rondo Köşe, 60x84 cm",Afiş Çerçevesi,A1,60x84 cm,Alüminyum,25,Rondo köşe,"Gümüş, Kırık beyaz",2.3,1100,,11,aktif,"A1 Alüminyum Açılır Kapanır Çerçeve, 25mm Rondo Köşe, 60x84 cm 
A1 Alüminyum Açılır Kapanır Çerçeve, 25mm Rondo Köşe, 60x84 cm, reklam ve bilgilendirme amaçlı kullanılan en popüler çözümlerden biridir. Bu çerçeve sayesinde görsellerinizi ve afişlerinizi profesyonel ve şık bir biçimde sergileyebilir, hedef kitlenize etkili bir şekilde ulaşabilirsiniz. 
Ürünün 25 mm profil kalınlığı ve açılır kapanır mekanizması, kullanım kolaylığı sağlar. İnce ve zarif çerçeve profili, afişlerinizi öne çıkararak estetik bir görünüm sunar. Modern ve şık rondo köşe tasarımı ile bulunduğu ortamda dikkat çekici bir duruş sergiler. 
Dayanıklılık ve şıklığı bir arada sunan bu çerçeve, eloksal kaplamalı alüminyum malzemeden üretilmiştir. Eloksal işlemi, malzemenin çizilmelere karşı direncini artırırken aynı zamanda dekoratif bir parlaklık kazandırır. İsteğe bağlı olarak farklı RAL renk seçenekleri ile de temin edilebilir. 
A1 boyutu, ofislerden mağazalara, okullardan kafelere kadar geniş bir kullanım alanı sunar. Çerçeve, duvara kolayca monte edilir ve montaj için gerekli vida ve dübeller kutu içerisinde sağlanır. Ön kısmı açılabilir olması sayesinde afişlerinizi pratik bir şekilde değiştirebilirsiniz. 
Çerçeve içerisinde bulunan özel UV korumalı pet film, afişlerinizi güneş ışığına karşı koruyarak solma ve parlamayı önler. Böylece görselleriniz uzun ömürlü, canlı ve kaliteli kalır. 
Ürün Özellikleri • Profil Kalınlığı: 25 mm • Köşe Tipi: Rondo (Yuvarlak kromaj oval kenar) köşe • Boyut: 60x84 cm (A1) • Malzeme: Gümüş eloksallı alüminyum, çerçevenin ön ve arka profili tamamen alüminyumdur • Mekanizma: Önden açılır kapanır alüminyum profiller sayesinde posterinizi kolaylıkla değiştirebilirsiniz • Profillerin içinde kullanılan paslanmaz çelik yaylar, çerçevenin sorunsuz açılıp kapanmasını sağlar • Koruma: UV korumalı özel PET film bulunmaktadır • Çerçeve zemininde gri renk polistren kullanılmıştır • Montaj: Duvara monte için vida ve dübel seti pakete dahildir • Kullanım Alanları: Ofis, mağaza, okul, kafe, alışveriş merkezi, kamu binaları • Avantajlar: Kolay afiş değişimi, dayanıklı, estetik ve modern tasarım • Yatay ve dikey kullanıma uygundur 
",https://magaza.ores.com.tr/products/a1-aluminyum-acilir-kapanir-cerceve-25mm-rondo-kose-60x84-cm
M01 PFRS 25 070100 TKx,"B1 Alüminyum Açılır Kapanır Çerçeve, 25mm Rondo Köşe, 70x100 cm",Afiş Çerçevesi,B1,70x100 cm,Alüminyum,25,Rondo köşe,"Beyaz, Gümüş",3.0,1395,,27,aktif,"B1 Alüminyum Açılır Kapanır Çerçeve, 25mm Rondo Köşe, 70x100 cm 
B1 Alüminyum Açılır Kapanır Çerçeve, 25mm Rondo Köşe, 70x100 cm, işletmelerin ve kurumların en çok tercih ettiği reklam çözümlerinden biridir. Bu ürün, görsel ve afişlerinizi şık ve profesyonel şekilde sergilemenize olanak tanır. Müşteri ve ziyaretçilerinize iletmek istediğiniz mesajları etkili biçimde duyurabilirsiniz. 
Ürün, 25 mm kalınlığında açılır kapanır profil tasarımı sayesinde kolay ve pratik kullanım sunar. İnce ve zarif çerçeve profili, özellikle görselin ön plana çıkmasını sağlar. Rondo köşe tasarımı ile modern ve estetik bir görünüm yakalanır. 
Çerçeve, eloksal kaplama alüminyum malzemeden üretilmiştir. Eloksal işlemi, malzemeye hem dayanıklılık hem de dekoratif bir parlaklık kazandırır. Bu sayede çerçeve, dış etkenlere karşı dirençli olurken uzun ömürlü kullanım sağlar. İsteğe göre farklı RAL renk seçenekleri ile de sunulabilir. 
B1 boyutu geniş alanlarda kullanım için idealdir. Ofislerden alışveriş merkezlerine, okullardan kafelere kadar pek çok mekanda rahatlıkla kullanılabilir. Duvara kolayca monte edilir ve montaj için gerekli vida ile dübeller pakete dahildir. Ön kapak sistemi sayesinde afişlerinizi hızlıca değiştirebilirsiniz. 
Ürünle birlikte gelen özel UV korumalı pet film, afişlerinizi güneş ışınlarından koruyarak solma ve yansıma problemlerini önler. Böylece afişleriniz her zaman canlı ve net görünür, uzun ömürlü olur. 
Ürün Özellikleri • Profil Kalınlığı: 25 mm • Köşe Tipi: Rondo (Yuvarlak kromaj oval kenar) köşe • Boyut: 70x100 cm (B1) • Malzeme: Gümüş eloksallı alüminyum, çerçevenin ön ve arka profili tamamen alüminyumdur • Mekanizma: Önden açılır kapanır alüminyum profiller sayesinde posterinizi kolaylıkla değiştirebilirsiniz • Profillerin içinde kullanılan paslanmaz çelik yaylar, çerçevenin sorunsuz açılıp kapanmasını sağlar • Koruma: UV korumalı özel PET film bulunmaktadır • Çerçeve zemininde gri renk polistren kullanılmıştır • Montaj: Duvara monte için vida ve dübel seti pakete dahildir • Kullanım Alanları: Ofis, mağaza, okul, kafe, alışveriş merkezi, kamu binaları • Avantajlar: Kolay afiş değişimi, dayanıklı yapı, estetik ve modern tasarım • Yatay ve dikey kullanıma uygundur 
",https://magaza.ores.com.tr/products/b1-aluminyum-acilir-kapanir-cerceve-25mm-rondo-kose-70x100-cm
M01 PFRS 25 050070 TKx,"B2 Alüminyum Açılır Kapanır Çerçeve, 25mm Rondo Köşe, 50x70 cm",Afiş Çerçevesi,B2,50x70 cm,Alüminyum,25,Rondo köşe,"Gümüş, Beyaz",1.8,895,,10,aktif,"B2 Alüminyum Açılır Kapanır Çerçeve, 25mm Rondo Köşe, 50x70 cm 
B2 Alüminyum Açılır Kapanır Çerçeve, 25mm Rondo Köşe, 50x70 cm, işletmelerin ve kurumların en çok tercih ettiği reklam ve tanıtım çözümlerinden biridir. Bu çerçeve sayesinde görsellerinizi ve afişlerinizi şık, düzenli ve profesyonel bir biçimde sergileyebilirsiniz. Müşterilerinize iletmek istediğiniz mesajları etkili ve net şekilde sunmanız mümkün olur. 
Ürün, 25 mm kalınlığındaki açılır kapanır profil tasarımı ile oldukça pratiktir. İnce ve zarif çerçeve profili, görselin ön plana çıkmasını sağlayarak dikkat çekici sunumlar yapmanızı sağlar. Rondo köşe detayları ise çerçevenize modern ve estetik bir görünüm kazandırır. 
Dayanıklılığı artırmak ve estetik görünüm sunmak için çerçeve, eloksal kaplama alüminyum malzemeden üretilmiştir. Eloksal kaplama, çerçevenin hem uzun ömürlü olmasını sağlar hem de dış etkenlere karşı ekstra direnç kazandırır. Ayrıca ürün, isteğe bağlı olarak farklı RAL renk seçenekleriyle de temin edilebilir. 
B2 ölçüsü, orta ve büyük boy afişler için idealdir. Ofislerden alışveriş merkezlerine, okullardan kafelere kadar pek çok farklı alanda rahatlıkla kullanılabilir. Ürün, duvara kolayca monte edilir ve montaj için gerekli vida ile dübeller pakete dahildir. Ön kapak sistemi sayesinde afişlerinizi kolayca değiştirebilirsiniz. 
Özel olarak tasarlanmış UV korumalı pet film sayesinde afişleriniz güneş ışınlarına karşı korunur, solma ve yansıma sorunları minimize edilir. Bu da afişlerinizin her zaman canlı, net ve uzun ömürlü kalmasını sağlar. 
Ürün Özellikleri • Profil Kalınlığı: 25 mm • Köşe Tipi: Rondo (Yuvarlak kromaj oval kenar) köşe • Boyut: 50x70 cm (B2) • Malzeme: Gümüş eloksallı alüminyum, çerçevenin ön ve arka profili tamamen alüminyumdur • Mekanizma: Önden açılır kapanır alüminyum profiller sayesinde posterinizi kolaylıkla değiştirebilirsiniz • Profillerin içinde kullanılan paslanmaz çelik yaylar, çerçevenin sorunsuz açılıp kapanmasını sağlar • Koruma: UV korumalı özel PET film bulunmaktadır • Çerçeve zemininde gri renk polistren kullanılmıştır • Montaj: Duvara monte için vida ve dübel seti pakete dahildir • Kullanım Alanları: Ofis, mağaza, okul, kafe, alışveriş merkezi, kamu binaları • Avantajlar: Kolay afiş değişimi, dayanıklı yapı, estetik ve modern tasarım • Yatay ve dikey kullanıma uygundur 
",https://magaza.ores.com.tr/products/b2-aluminyum-acilir-kapanir-cerceve-25mm-rondo-kose-50x70-cm
M02 SWSD 35 060084 WP,"Ores Poster Swing - Su Depolu Kaldırım Reklam Panosu, A1, 60x84 cm",Kaldırım Panosu,A1,60x84 cm,Alüminyum gövde + su depolu PE taban,35,-,"Gümüş, Beyaz",16.0,5900,5310,0,aktif,"Ores Poster Swing - Su Depolu Kaldırım Reklam Panosu, A1, 60x84 cm 
Ores Poster Swing - Su Depolu Kaldırım Reklam Panosu, A1, 60x84 cm, dış mekan tanıtımlarınızda kullanabileceğiniz dayanıklı ve pratik bir reklam çözümüdür. Çift taraflı afiş sergileme özelliği sayesinde, her iki yönden geçen kişilere görsellerinizi etkili bir şekilde ulaştırabilirsiniz. Hem estetik hem de sağlam yapısıyla öne çıkan bu ürün, dış ortam koşullarına karşı üstün direnç sağlar. 
Ürünün en dikkat çekici özelliği, gövde ile çerçeve arasındaki çelik yay mekanizmasıdır. Bu mekanizma, kuvvetli rüzgar ve diğer zorlu hava koşullarında panonun esnek ve sağlam kalmasını mümkün kılar. Ayrıca, su veya kum doldurulabilen depolu yapısı sayesinde ürünün stabilitesi arttırılır ve devrilme riski minimize edilir. 
46 mm kalınlığındaki eloksallı alüminyum çerçeveler, dayanıklılık ve şıklığı bir arada sunar. Eloksal kaplama sayesinde ürün, dış etkenlere karşı ekstra direnç kazanır ve uzun ömürlü kullanım sağlar. Önden açılır kapanır çerçeve yapısı ile afiş değiştirme işlemi çok kolaydır. Ürünle birlikte gelen parlama karşıtı poster koruyucu film, afişlerinizin güneş ışığında solmasını ve parlamasını önler. 
Depo kısmı, sağlam plastik rotasyon tekniğiyle üretilmiş olup su geçirmez ve darbeye dayanıklıdır. Ürünün alt kısmında bulunan tekerlekler, kolay taşınmasını sağlar ve taşınabilirliği artırır. İsteğe göre standart veya rondo köşe seçenekleri sunulmaktadır; farklı boyut alternatifleri için müşteri temsilcilerimizle iletişime geçebilirsiniz. 
Kullanımı oldukça pratik olan Ores Poster Swing, çerçeve kenarlarının elle açılıp kapatılmasıyla afişlerin kolayca değiştirilmesini sağlar. Depoya su veya kum doldurarak ağırlık artırabilir, böylece panonuzun güvenliğini sağlayabilirsiniz. Dış mekan tanıtımlarında sağlam ve estetik bir çözüme ihtiyaç duyanlar için ideal bir üründür. 
Ürün Özellikleri • Çerçeve Profili: 46 mm eloksallı alüminyum • Köşe Tipi: Standart veya rondo köşe seçenekleri • Boyut: A1 (60x84 cm) • Depo Malzemesi: Plastik rotasyon sistemi ile üretilmiş sağlam depo • Ağırlık Desteği: Su veya kum doldurulabilir depo • Koruma: Parlama karşıtı UV korumalı poster filmi • Mekanizma: Gövde ve çerçeve arasında çelik yay • Taşınabilirlik: Tekerlekli taban • Kullanım Alanı: Dış mekan kaldırım ve tanıtım reklamları • Montaj: Kolay açılır-kapanır çerçeve ile hızlı afiş değişimi
 
",https://magaza.ores.com.tr/products/ores-poster-swing-su-depolu-kaldirim-reklam-panosu-a1-60x84-cm
